4.325446267042389,2.726502381136154,1.8073788511906748,1.6274189121818388,2.328473965451218,3.0970233043508646,4.0368867639543495,4.631931040754043,5.28274496786382,5.765563614949267,6.085744352290801,6.365692604094805,6.818575212832564,6.98870914952064,7.249482974611116,7.370114198479992,7.6183758328632925,7.8149391810469595,7.879882088189776,8.15137459668459,8.216500040708977,8.306627078168868,8.440680365655835,8.574966201589769,8.630430571034214,8.674111724465051,8.848067645353591,8.916195133292629,8.946621773574684,8.998631514854765,9.07344475033856,9.16107557996116,9.233800954926789,9.262821236201924,9.320160566610449,9.36407396764158,9.401861183033605,9.45142232859469,9.509038535020894,9.48513060651942,9.574477134527026,9.659152359778144
3.8252073659985903,2.639923421135017,1.6196851517291655,1.667916969455772,2.361430565690082,3.3158324336475715,3.873171452410097,4.574958630921591,5.254381052922031,5.660670926769394,6.03983825577551,6.484030842958622,6.671497744103399,7.159488648091992,7.327677852138674,7.492593007005196,7.659127740962351,7.835414944103228,8.013643769317365,8.08729074457683,8.24129480405707,8.321674338459196,8.446579907447502,8.564296780958458,8.676012047668284,8.782546334438088,8.831983781233173,8.898495425527683,8.945623863087171,9.026111487685741,9.075749196496101,9.13609943663734,9.195559260900295,9.277011405066746,9.284502421111323,9.342530635034384,9.418814499234855,9.46214722317206,9.467845136212903,9.537368414851803,9.556624641303358,9.610038303053194
3.5579842943593816,2.3462492345218804,1.6906079132112986,1.5866532718012714,2.456942650771889,3.4251662878692013,4.166442726325519,4.5383068310916315,5.289864341761961,5.680385141789451,6.068673468581537,6.447100691025851,6.791491820136892,6.987701243833042,7.378536861812466,7.492654812530967,7.573087574731921,7.878940064227665,7.921937869242109,8.197600222209545,8.214512830293469,8.363912143995423,8.392163122358262,8.507481461079504,8.64212636331202,8.696129801725188,8.795599573763058,8.800943216449845,8.949464105499324,8.980273159186273,9.100195398955051,9.15880792559776,9.249807469343947,9.216372639441957,9.318355081881004,9.350520726864268,9.440977565693256,9.51260960371653,9.519075171943584,9.529728875701839,9.55865133403402,9.574265784924842
3.4540014531904935,2.327864075250839,1.50587322851911,1.6994816083096642,2.5847949362390157,3.321234452856027,4.105878510219195,4.64532602537604,5.402244684594443,5.76938489162816,6.085177136622946,6.485409904046312,6.728647931966492,7.0350644366022035,7.27714016128897,7.435357182913771,7.675166085690421,7.790106699455666,8.034738153320346,8.080822848483876,8.238062081313085,8.341566518122697,8.4784974418525,8.492134328408515,8.582508343433364,8.781449767657048,8.860407937964037,8.860215038768095,8.917715352567303,9.03053743545873,9.062007198436019,9.129700969404123,9.233866148967817,9.25796955429887,9.269174952961961,9.384735475950828,9.404255562924046,9.438480835584382,9.461923074791425,9.544929595170155,9.541184211082646,9.597104205051
3.187453870735033,2.151318453977785,1.596283684871589,1.7649483275070539,2.273443518750035,3.334817865949773,4.180541002352593,4.7139924235102,5.388383369124034,5.7342503182100435,6.110732002037926,6.473059563526959,6.818120232842551,7.043764012936785,7.280974584286417,7.50480984633299,7.6164519932516015,7.863159061710713,7.963757860165304,8.089326138845667,8.237909892424808,8.366316176882238,8.456870428710024,8.57786392022992,8.586579545266629,8.681474023404682,8.815768052143303,8.881980336616635,8.965153936545143,9.033548342924892,9.07251727588488,9.134655178080454,9.210742560326594,9.23820875026984,9.268405369115147,9.322028511150242,9.400836615316356,9.4324166692025,9.469985226889355,9.527779887249878,9.531507453659886,9.531984869525912
3.0227605067831425,2.081076137061957,1.5465078406269157,1.9705493242149559,2.6842436906615372,3.6117986111692795,4.3180272515455265,4.684747719568643,5.532649851486437,5.862335980963244,6.188438217908976,6.452374203668998,6.832305845658022,7.0325424315659015,7.268924144263938,7.470556818752565,7.675391626137333,7.850960363219875,8.017237045294808,8.105581397079673,8.250139110418637,8.366289852226894,8.418199169452896,8.519368432157085,8.595183163153804,8.697136331034912,8.800249481670289,8.79896046992313,8.929101970596147,8.98927610137481,9.019703232630686,9.089892705508056,9.143940362509502,9.259016743552117,9.265265714380732,9.321057119958073,9.343349981461767,9.471093550290488,9.477537432112552,9.498733881491113,9.54617609828343,9.601331418909963
2.7920458991088597,2.02939780939378,1.5897160016199785,1.8816874965625878,2.608783989736029,3.5193255183003096,4.130240216619405,4.724181746897927,5.344190231813468,5.6505356894321395,6.240260566730889,6.417094295010491,6.8533973811631,6.92584761825662,7.2428322361619015,7.491214650050206,7.696622511799734,7.8157063115627015,7.941376664712012,8.117799631174298,8.182187458650633,8.319739020214323,8.448078087078496,8.528194091693155,8.612396132547046,8.690008171507024,8.79574430848953,8.815119103502797,8.895780923525908,8.955081987239051,9.039120721815738,9.090790408095192,9.134038181854258,9.225735956556438,9.280253368587953,9.340569171659041,9.404385271968374,9.370225425469483,9.452492325327546,9.518157679329995,9.541619340158386,9.592040451217885
2.6063448777778646,1.8532138057704324,1.5235403869742703,2.0786704015293074,2.9667993533003814,3.542599946425758,4.37846733499945,4.804993488401668,5.461973827374926,5.8616867555580985,6.210936779530675,6.439678921161234,6.793044781050458,7.037260265354326,7.301554774147227,7.477179304412507,7.644432965391877,7.780003346163797,7.959264315758148,8.089656096435055,8.263345226498828,8.365931758319633,8.441255820413147,8.500230610598997,8.583290495998225,8.744814879993925,8.746909045862735,8.822427405627181,8.885824988086311,9.000468092031989,9.012429353624405,9.138832755265451,9.160747068650798,9.24156358339319,9.30721108765598,9.309999739966823,9.359751247258382,9.382692693622548,9.443972015207228,9.505413533146635,9.540997376830042,9.545449888722459
2.4390482285926596,1.7050099141747166,1.6109614419059453,1.9754336854561134,2.795950085830585,3.658369533358861,4.451075406481903,4.908308708482855,5.371139984945984,5.749034657268352,6.194421348853389,6.4813575958678715,6.872181867106459,7.115836785890464,7.304187609680902,7.520143476134004,7.645705700087498,7.819077593163222,8.006642314306522,8.161723031029801,8.155644037225228,8.285175450194002,8.4241373088536,8.535681726265889,8.54645880240431,8.717317580851725,8.794655609505487,8.824371379495233,8.955697544123964,8.968713893929298,9.01093041421275,9.13180575114866,9.157999445949088,9.244092167161444,9.250695376784261,9.307111798788254,9.339355946331064,9.389335398126821,9.414604339419412,9.440203071956436,9.505048132385477,9.55844554888738
2.355483019428021,1.675332428676204,1.5814920911355954,2.1287933368830645,3.068515181921405,3.91820823353764,4.321404278465279,4.893782204542663,5.461242094964611,5.929842032333333,6.238247029702984,6.512067560999155,6.831326782872134,7.131671108156642,7.250618810097053,7.504500013988562,7.698138375126608,7.82548908460603,7.949427752737294,8.077683807854157,8.206774738410164,8.314781896065991,8.432582749658446,8.508654398159706,8.592971183684632,8.67553345824842,8.75709091347337,8.86627387698387,8.891797430795938,8.935040498575871,9.070336026282698,9.093656409101452,9.122093768853931,9.192571304494555,9.275404963257273,9.305919047177593,9.325855162073648,9.36871143723867,9.511107103714629,9.489780278422147,9.473783751339802,9.536002206935907
2.0582995355537355,1.697600671077705,1.6458994952449304,2.47550614188067,3.062534086106014,3.796133244582485,4.432398750471571,5.047389649090411,5.679576145514624,5.939241739084045,6.094007086487451,6.584395740276751,6.848214217425705,7.107769294481192,7.3345376492467045,7.555176761947307,7.5900243500576146,7.896644654466681,7.965857327998809,8.014174902027142,8.16853486793064,8.264642465612877,8.420503059231864,8.543796910458074,8.612772283142382,8.709354980661873,8.82294091193351,8.864661601498813,8.904571972741461,9.002358687737559,9.008369385952143,9.082289170780523,9.108171143046418,9.189553619210937,9.236540327840965,9.305755454467024,9.353698753302709,9.411070479468403,9.434800064294434,9.454665060569878,9.513703916638208,9.527290967785088
2.0337228817031483,1.5790593292662867,1.698460381786543,2.480836765880697,3.125401380489003,3.805487419271749,4.440255467577391,5.090180157416751,5.587079687555649,5.932921455121989,6.244024112502847,6.552229892962446,6.937965976549799,7.015703613922736,7.205588585305858,7.580293181015497,7.671579577259698,7.826612320348694,7.914467473382548,8.019754129182486,8.20268812325467,8.235249227672233,8.385617099302072,8.49569359865783,8.573994335511422,8.678307941825576,8.731272912393534,8.81740233300222,8.896336651091538,8.923493613360492,8.990343740498869,9.087425843364121,9.1561099210308,9.209262639549372,9.220571163423758,9.3071708562967,9.317226993175755,9.376991035680994,9.400046864019487,9.462537418200467,9.47172217570358,9.507794178402552
2.0040406558474904,1.4486823444513819,1.6224460712540352,2.448468805471201,3.259196655684449,3.9142130586324413,4.413236357063992,4.993492719461843,5.374452419594661,5.9038396623462415,6.209642994057697,6.561041456280902,6.854824534981642,7.096189634866823,7.312799397277696,7.465323787079657,7.657065196731316,7.8151356422685065,7.986571843304642,8.024340905903125,8.155333114738015,8.34017569304604,8.459692132080416,8.515420665776347,8.627582093536537,8.627310376195876,8.777978791474197,8.816362787935786,8.888794569160943,8.972017541805563,8.986326044091134,9.045629569806428,9.142999186003484,9.145461915666393,9.191819005252643,9.26907250195886,9.322795044651018,9.326433588989879,9.385548535953255,9.40210171246456,9.455191370014388,9.53768160118451
1.915551765531813,1.499098135221427,1.648995471126793,2.513697906267622,3.0585066594181254,3.95210180084408,4.519314887198346,5.1006911431173565,5.407101064542353,5.867786857475124,6.302888895055234,6.515981788431738,6.8854288340485486,6.978738711517172,7.322343361857614,7.551361902325385,7.729152136594155,7.755196169153004,8.042371072123077,8.07986814925722,8.261114926030503,8.287365459300974,8.404198380664528,8.537622150408676,8.541753850397047,8.70051213066635,8.75136905087564,8.811732243025412,8.897526403676965,8.892846117764355,9.020189914819976,9.044472776128863,9.119246187227857,9.172286443037791,9.266833642989978,9.273678280387776,9.345424858316017,9.33059964062884,9.44591871973297,9.476705682889415,9.489822154027975,9.496676488989369
1.7405200545226454,1.5194431067251397,1.6895760847894399,2.5170567378620765,3.250642931605516,3.7709325866284233,4.723227381528372,5.057040381567864,5.522865346009489,5.9431870670055185,6.266234398848502,6.508674720265784,6.920936989705719,7.06448576784061,7.182818672811063,7.4988196740429505,7.608257592798841,7.82682619195956,7.945417487909401,8.112193485717452,8.203781947148943,8.34470603316392,8.379963152853511,8.406146794037431,8.55729874995596,8.643132466517423,8.769240873147693,8.757250192715128,8.826794835512128,8.947719030636824,9.031103994031463,9.034151372762532,9.053545457613787,9.173843289275792,9.1759191241248,9.23462211624419,9.295956031478612,9.358839335937857,9.344954766304053,9.41954230361596,9.429770334391087,9.501126812829767
1.7262415117680532,1.5257212526885007,1.8173409338917503,2.521976378035827,3.399139769735674,3.91848908237579,4.641189787916344,5.17099558999534,5.324534641153447,5.844795656895219,6.352366474384749,6.6522046087155235,6.877599476571496,7.158050971700761,7.310927374201778,7.543315070895619,7.634394334506302,7.747228333973704,7.978609366621565,8.000926971218274,8.181690044199389,8.29350005747907,8.413770750712626,8.513412958905189,8.523303304617217,8.675650907983584,8.705034934505782,8.804302145322488,8.819408479787082,8.948513335575422,8.975147217842512,9.046560834697159,9.160272291972376,9.1044159284748,9.179868125250898,9.249260684226659,9.270864211206526,9.307265019343223,9.38103825629352,9.431268417039622,9.454214749273296,9.520138625089999
1.686159908136151,1.3707317503205467,1.7537761737251696,2.3932665352365636,3.3788726974295544,4.019452214208681,4.3928730638413525,5.205285500635341,5.494996846539534,5.972066097256015,6.184377433003917,6.610446326907145,6.807734169904722,7.041258700123562,7.2315318013876615,7.413670565609814,7.667495024408111,7.809211839387006,7.907198482325326,7.970485896329267,8.175626086383621,8.268141731195847,8.429445242541778,8.441331758797862,8.510675033964695,8.643678614860299,8.710531149464522,8.78855456597255,8.831443242430684,8.930638879654932,9.018998562311253,9.099835360311047,9.05737425556816,9.147128464625055,9.216657537894681,9.27460594749104,9.251224738644956,9.327179362709424,9.347690200570971,9.38729706288482,9.397390041187549,9.492029668298688
1.5674086666377471,1.428569865289731,1.7397633019973917,2.5457096824438348,3.1608731719785057,3.885790415873645,4.698751531727212,5.013316294217159,5.671502488969729,5.915238192245562,6.236009810429325,6.6334102114493145,6.759284696892721,7.026236933762917,7.257323767708592,7.429474002514187,7.595289409518492,7.736106204764576,7.956310375283496,8.01855967467597,8.092903741562552,8.305119605721138,8.319496371742758,8.423912102142896,8.604245063125788,8.698057239163667,8.686329717857241,8.825617910847008,8.81150624112549,8.902234800996439,8.927894925181853,9.055934658559165,9.034663233042924,9.100787358891509,9.228951727842055,9.242886932516559,9.24829485120047,9.352230328283728,9.315462713472986,9.372956357553813,9.393025367263437,9.47794733714456
1.5787325200040963,1.4568679448320139,1.8535043050479416,2.5044486854321644,3.2270589570417494,3.978480335851607,4.609858576544784,5.091104518587488,5.577237897129874,6.073344823201607,6.271780801087504,6.603598642422079,6.83499681492548,7.066530995098525,7.289857989710978,7.397546352269659,7.597911880856408,7.741461017809661,7.847114092580273,8.084219726577938,8.120162526088388,8.29402048118239,8.43109607833036,8.43959634745114,8.552967273307015,8.605726847495152,8.653383595549379,8.803071135342826,8.810519249781894,8.867486224689085,8.941285859145298,9.013255414472047,9.031724786412312,9.147818599561289,9.2023345108722,9.21112540641847,9.275716553801708,9.295047296265963,9.320307808673789,9.387984810271629,9.432630302362725,9.437591667918205
1.4798218502567464,1.4697543404211417,1.7398869797140373,2.560013926367462,3.2018146031689136,4.080373978213803,4.5810949067916535,5.097909461025047,5.5968265463452065,5.940253639997177,6.288359691938398,6.489492322343986,6.700237736156378,7.128916215133018,7.245214435858648,7.536801150455026,7.536730346085852,7.77147177978344,7.938317022241704,8.049268120382363,8.164821864467385,8.227184888302986,8.320779356616438,8.440193094381444,8.456479104021117,8.633937636444752,8.698312603208826,8.757805261626324,8.850190447324529,8.864836416580324,8.93940355042667,8.982694756685362,9.043063274169793,9.161456698402095,9.143402991482905,9.18571185304793,9.234496082240437,9.317781296380371,9.345716235088048,9.391152291508657,9.375887501962504,9.448461999124154
1.4134006279436238,1.2997283519149394,1.8495515933474536,2.5688322015937883,3.273119808125913,4.289365899558366,4.580951199061219,5.217466634400674,5.558237545724256,5.897402317315937,6.241340213360557,6.587332315353878,6.7163209050518615,7.054232301024128,7.294425344667057,7.50259887377047,7.58679243035285,7.709854472824371,7.903184532706491,8.0214824177566,8.160624168847214,8.294415350493367,8.331843505547514,8.42364148268076,8.567854492362665,8.588681213799216,8.607557546569518,8.777817021945857,8.838907254520588,8.88800090776746,8.91557075239691,8.92709899268127,9.02958213767162,9.066343143221555,9.122497763869536,9.213026293243932,9.222484668568512,9.269380042319602,9.344581121512146,9.321796228335998,9.415923422775627,9.468038040920373
1.44537093949231,1.4093957640246861,2.2049225502788996,2.7035749437907093,3.5597929067259826,3.987441167688707,4.738700778653076,5.1337689098178085,5.680569446364601,5.930243026090652,6.2611219844805,6.618911674144128,6.897666881683532,7.042401202165177,7.3409159851866335,7.4900352517668,7.609005668844555,7.733358888322741,7.817064480914731,8.069862116657635,8.062800065589101,8.26965872615185,8.291153844522011,8.388449868520528,8.471547776331267,8.543221955383018,8.654691271433116,8.73642795229344,8.735726465969146,8.863581181902942,8.94206477618291,8.96449422854932,9.054229361954953,9.076930490010088,9.13429817937618,9.183793352886525,9.236005645075734,9.307524726734695,9.327752234324022,9.380164888138822,9.378629339716117,9.386252590539083
1.338589465510156,1.608977297510779,1.889201482402227,2.889315725171229,3.506270815068955,4.131888212190555,4.653405741951434,5.16140220847168,5.471248103644735,5.97981366650648,6.24192395934535,6.633132055156321,6.851544906685376,7.0354291635207185,7.199863198621111,7.447711167495488,7.4879718119591265,7.712328080970461,7.925005770661819,8.00076020028838,8.101309830147745,8.290044440745628,8.319217693044825,8.38575215354473,8.530703979364768,8.55496848467082,8.61178071548476,8.681881743323757,8.794753555606201,8.814493780217118,8.889013059879808,8.982451404527534,9.074785197750975,9.120519109808663,9.105259616036978,9.18839518585283,9.26019244222746,9.24620336116685,9.28941617549938,9.343236973181732,9.392550844675888,9.36769745780278
1.3304973057700895,1.5016234862638356,2.118088371384946,2.8202402066698307,3.6737160986907402,4.164003761542052,4.7818832343477045,5.091973748615127,5.622548056064617,6.036655387000756,6.275423200224689,6.509215694106079,6.831869711610383,7.117939891046973,7.2995239883483745,7.442587965336417,7.641673422116746,7.7578564363726965,7.87383426498914,7.995063145947598,8.04447476320276,8.205444541782873,8.326821552275142,8.397273385147743,8.513872154931423,8.617438448315706,8.656961238311192,8.67219913730909,8.799285487949543,8.837974688586495,8.89645879906829,8.995527500000552,9.021546178437687,9.078295110762284,9.088416405433279,9.1755850964199,9.162800781536788,9.235530684988765,9.342933345240134,9.357414332670645,9.34804506844976,9.403344467929319
1.3057456890460146,1.4082922946784229,1.990560460246818,2.9199610443848756,3.509974856074697,4.010510180171335,4.755541571193146,5.1943884899697945,5.5569232470333425,5.857924543066799,6.269928084469665,6.635633386276818,6.831901293191405,7.045234452832169,7.214675455254529,7.36975628285849,7.427320709784452,7.765778848256364,7.820642191560352,8.059837421220893,8.083700319818396,8.267156947299746,8.373060122310473,8.404238665250187,8.481529116088687,8.5368146255505,8.694073112470644,8.681752064902359,8.75537757583744,8.844227003296755,8.845696704911004,8.919696535963242,8.95621248789814,9.051534384585578,9.15504545209521,9.161808588586329,9.175750353857438,9.259891843915936,9.257607791931804,9.330434011288897,9.362884171826394,9.426719689040192
1.320763674374417,1.3805398354111633,1.9616433960644777,2.5921519420226353,3.4189890389909348,4.089047131606753,4.604331352006696,5.004303382786907,5.505311281330081,5.947854225612894,6.307771502659013,6.488526161449604,6.818212416568983,7.035262658016768,7.203916094991241,7.38283651335131,7.469275067029619,7.673256597802156,7.816297512203215,7.956016529893789,8.110288195296057,8.18590038950575,8.274653785505942,8.41222651655055,8.451832338000637,8.563326125930011,8.60280064020372,8.645087148435389,8.762637795888171,8.820131046645205,8.91306984607128,8.937201048493522,8.972688073751648,9.056595971999165,9.094398487142975,9.129973904973092,9.228157941580028,9.170369405440283,9.251992136078785,9.32527839205889,9.324256381195728,9.439081089986091
1.2387127081103153,1.3699630818209296,2.2676464083779937,2.8154934387205586,3.642184713604992,3.9348621598187616,4.548670656389892,5.130652361324999,5.526626109577684,5.926352024597776,6.311922698653858,6.43238512902547,6.683828485673088,7.065855197116113,7.2941844831503735,7.423427700966896,7.564774815905675,7.744537792357278,7.881564716411718,7.980629563676487,8.098353556304781,8.099713789578733,8.259876735806039,8.309354502349565,8.473096713326168,8.535881371565088,8.695332788332607,8.719976305344638,8.779350549379583,8.810348691959566,8.835606122625835,8.949932925014405,8.960620762551907,9.015252333395516,9.109495115777996,9.217798889211014,9.253530328327066,9.19394079384529,9.294152496494357,9.31980896006636,9.364610399261647,9.343435477745123
1.295391991929347,1.4443520464004782,2.33206448539123,2.8153065187697304,3.5702690903722774,4.129162945783542,4.699175524909265,5.107323041983053,5.627307090888331,5.991885251823195,6.310176668465079,6.510005002914571,6.766316059701089,7.051057965280129,7.2414085594587565,7.418794322033351,7.535798029022903,7.763067151614916,7.884238288213394,7.954520356763656,8.136514637864089,8.198965989648666,8.297018711485723,8.37495453959788,8.415667359004434,8.474586122623226,8.619053802760313,8.660793081010265,8.68564099176401,8.843095823745287,8.875470225861324,8.983738347644598,8.950748901498404,9.005219940362142,9.082398012801853,9.071652240989351,9.153982102590021,9.1976594281536,9.268168701936254,9.280852196140327,9.369660963349357,9.316547367299528
1.3090734293914976,1.7018899718802594,2.1977868267955225,2.772004612856134,3.540367630919662,4.190214923830872,4.619909061057138,5.1655487157179465,5.741000317728338,6.083976995407175,6.361221764829049,6.623379871908835,6.749773932708992,7.032861617052067,7.153763955056985,7.310341923399831,7.51118436840769,7.709515305462288,7.841419774978919,7.9455558229973455,8.11324831274771,8.189302794627766,8.285596002983013,8.371982885728885,8.372108833376371,8.47854771289595,8.619786298862419,8.60767824918317,8.71202028578339,8.783909887159215,8.797316286001879,8.91839582524304,8.986897873264711,9.047145385359116,9.050805652473873,9.121798530783026,9.14925123802888,9.216278122564173,9.298647140000593,9.285280795229712,9.300881981753223,9.322898737519798
1.3912333552275955,1.5672237535898579,2.3379164632114247,2.91069002173484,3.6025015173759827,4.344998033630717,4.951991650289867,5.158314323385644,5.737322096451436,5.934276502438727,6.271980495757908,6.431870184701985,6.966042152641975,7.0113356458062945,7.248346957020718,7.3121724981746485,7.48894372897513,7.674466498722749,7.898410406014419,7.925335660416015,8.0377830017822,8.231897486260955,8.28950893040514,8.413454183221651,8.44891218666606,8.467096513032919,8.623079133025506,8.681953980122117,8.679081876090557,8.855993381008055,8.85202066112686,8.95380327629482,8.948440960010497,9.009222870603777,9.086613212967752,9.145818053367622,9.114507603297717,9.193059644477538,9.196892723942833,9.30283385839952,9.348577759862568,9.385352233242433
1.4635503031316828,1.7791913066540335,2.2623104092440482,2.841360642707449,3.6085453971284216,4.02649147463633,4.765411398356585,5.213278941536137,5.565390152715441,5.981091734451648,6.183609487282849,6.556775908191024,6.809424265422468,7.09715118600313,7.239925212856079,7.413096311777034,7.505332090596263,7.6805959110593385,7.827991118396531,7.945174929007805,8.03373849623099,8.097530656969573,8.221182621266623,8.354986889817983,8.34614886679593,8.469545071832048,8.652202989911917,8.637923753771698,8.754382159667518,8.807906456470239,8.848481217361318,8.876037347944083,8.947703017234467,8.999895485719202,9.033902493576438,9.03340407099001,9.118577987385535,9.202036335092291,9.217694735151309,9.317072672437046,9.296505327349658,9.334053918294147
1.4153231060599236,1.7658278786997879,2.3639461119683647,3.010859463688779,3.5689601371566098,4.271983798848677,4.789505999389098,5.218947073709389,5.652077614018519,5.961875042416705,6.219981241715959,6.646633462200707,6.772495325389982,6.9672641917960725,7.114100306167282,7.4463953048010945,7.574688041361222,7.757052452215952,7.7910293480297295,7.9704951252547005,8.004049322004276,8.106268952796391,8.257118643724114,8.417775079109303,8.447769588561295,8.462847260250811,8.566219326294778,8.659681872687893,8.659079556011061,8.804880297439974,8.812570523229455,8.812688344289699,8.942616704830291,8.924398841678684,9.099255475637797,9.062849516883595,9.107603680430056,9.156981050214338,9.16888097957154,9.193941322009959,9.255104238738422,9.29878809536531
1.4767319078734789,1.9020366692756094,2.3505288737349783,2.971712165203012,3.6306774193673688,4.211402301837367,4.817391745767091,5.287273975574019,5.696967646333713,6.011780211710791,6.198566531299948,6.675807923380656,6.845310882071358,6.955474180427936,7.083667552861912,7.375106112313936,7.527132457065296,7.624865638860517,7.848629191869914,7.932025856222098,8.065463145919548,8.163509761071843,8.23294686910644,8.285716173271803,8.371713107636525,8.418008459260948,8.57370732708273,8.58663367768223,8.817055891943765,8.81707347778434,8.837549281781786,8.822276425232902,8.958316237289187,8.975323263662219,9.009674114592464,9.068113287432238,9.104187693470752,9.15250453026637,9.1964171866709,9.246509142379743,9.21397722330326,9.305426992558209
1.4319975729582053,1.941046750623507,2.3277257081886975,3.1577475496339282,3.716609634652474,4.218385855726964,4.91888890208358,5.320826874603052,5.639763206271303,6.149609373215389,6.365802132500448,6.562053376977342,6.703606426646557,7.002567791905527,7.2559004396217475,7.3778626809989625,7.576927465451702,7.688540196644819,7.797740963910322,7.884423445762943,8.048138745915399,8.15255900902979,8.220456689975359,8.251810699922096,8.411409331803807,8.498235414263167,8.56535627258429,8.595708387105656,8.661881703315744,8.704867660480106,8.84456084162633,8.86689303472658,8.952193303267578,8.946089117769372,8.973086873610592,9.048618397286743,9.151180035281172,9.104693756338417,9.215897216651733,9.225960172749167,9.213229842547525,9.331417236161409
1.4638754307381667,1.968848518225916,2.6114426945520948,3.0369318190578705,3.5971846723220873,4.180955722471884,4.772372655847514,5.159787472191672,5.637400481273663,6.0955336889095015,6.2631117181639615,6.541278800248401,6.865447266363745,7.037467460308876,7.203730767721364,7.405969759987458,7.474218524999001,7.679041194493043,7.804913164601394,7.916755413235377,8.015382864462282,8.077824641596024,8.194430332580886,8.336412335025848,8.408820589071842,8.522576923453213,8.565052273550915,8.575769071106826,8.63250236276675,8.721330577923526,8.810073954606683,8.87431922687797,8.910534310093343,8.97790659118894,8.950794127427699,9.033910271713843,9.039600570626574,9.153006106019891,9.163149307531938,9.190372211692965,9.247422274113296,9.322834495789177
1.4111479031176974,1.9184291236926514,2.5412773596017866,3.1887557174648027,3.6770922268995534,4.27105299664184,4.926646300197614,5.114190662613508,5.697180778985288,5.8245451101249275,6.369086849325639,6.4814415265418095,6.89609237265458,7.01997461450111,7.092668866419623,7.2679071529164325,7.51148102554237,7.729002630280048,7.7866160295322135,7.889317581100877,8.041654625952415,8.134490031189749,8.177339545506534,8.281951113293939,8.347151894441627,8.461142038198865,8.519677541512461,8.62507082612975,8.67980841132896,8.69495909230264,8.81460147915844,8.762016924458765,8.84655341940977,8.971229067296516,8.930949221724202,9.057899874094455,9.111712823634711,9.159407115642436,9.103507312021453,9.244676253515106,9.241547432774636,9.310093563962438
1.6564022446267028,1.86502962750206,2.671270075654497,3.1537976946361743,3.927229927219405,4.289127846481938,4.7107450715300265,5.239123190654423,5.597485439881491,6.086337107909156,6.316675638427581,6.703551641472181,6.808116687308923,6.9929395694799705,7.143143555609035,7.3342171084842525,7.501163110634119,7.583343723223714,7.782488866507789,7.943735785409386,7.96421158975477,8.052018528052393,8.143749958212382,8.29734996947768,8.370767015613557,8.437684129237603,8.546195265522186,8.552268446087327,8.673220363013371,8.668437915260792,8.783620322758656,8.784261961839196,8.808161627420942,8.900457272453671,9.002755809317808,9.005059574888119,9.078219815118795,9.098784207251136,9.176632046937023,9.181828253489872,9.272702066529407,9.322639438697905
1.6347179340964724,1.8844300489640997,2.5875023775073407,3.260727022432433,3.5976830991797453,4.276718983830264,4.880746844199745,5.298114539751993,5.64290129937838,6.025897076086231,6.138664441145889,6.543077380885024,6.916824589223937,6.925093212407998,7.216414294821936,7.430299229340135,7.497970436504815,7.613239866794318,7.798575342155585,7.8398152618125785,7.974498565350318,8.189790135314812,8.184780234632024,8.286478424368699,8.383977947436719,8.523863775393435,8.530538408175875,8.53873559556744,8.66547708448125,8.703155231824528,8.75719589796071,8.851552233284206,8.872570223170502,8.890070110413301,9.021050524892264,9.001174527671935,9.069110807629674,9.077094183318344,9.132540507045373,9.182590982935942,9.238451862113209,9.263381651576633
1.582454351327823,1.808072485017889,2.3999869442777166,3.1573330258159076,3.568160079237742,4.37421967800372,4.799595337977275,5.3195498757414255,5.561581872987852,5.847903172743425,6.257762023314382,6.451608122735132,6.744384588403567,6.944088986211126,7.278179414921171,7.195454365630332,7.493105130845507,7.726327913366619,7.7839656860858755,7.874681163149713,7.97838345445422,8.042422229532528,8.15498550398533,8.255138226645794,8.28167262476389,8.403450340881673,8.542904220409959,8.510560700179283,8.642405783668714,8.740971127000602,8.694007799294916,8.82028395855497,8.863665765808774,8.879182980553917,8.961775527216822,9.013347203605381,9.025233154400773,9.048115054416225,9.173723321333506,9.170894295248665,9.206099157813481,9.261167523530581
1.5731346980989498,2.1376697556401387,2.6117477630114925,3.2137855286116026,3.750717133781556,4.130589781267514,4.683309379525675,5.1030363602567235,5.571010707133235,5.8291984674577835,6.330392192545261,6.368362768716145,6.7449439385624785,7.022802432698668,7.312124874224697,7.320460121434476,7.45665506656726,7.617659994989104,7.787560912417037,7.831592133786221,7.985500526169519,8.041704523534975,8.098140359130262,8.315339929480864,8.30274237289607,8.435843179137969,8.501360465016493,8.563252002440237,8.628877888304332,8.676427769938218,8.744929499386853,8.84323789833288,8.856950812693228,8.887865306103677,8.977726296990223,9.00163489784913,9.058340121917531,9.11368239705374,9.14438843990353,9.133527643423092,9.216256020425735,9.302033136303804
1.7042339859316826,1.9486274925556688,2.6255412519426358,3.1410041532765645,3.662995773495006,4.383680240401924,4.727112090835563,5.161131747271201,5.624600319079116,5.810849444162502,6.184203032894765,6.525607722797021,6.631729352401388,7.0135414410419035,7.168934182940244,7.243892059174889,7.447882800545068,7.665050330344279,7.7204989258656616,7.851341363497872,7.889870130052815,8.10097606286985,8.09784292989593,8.23374998116354,8.229528535584773,8.336714818709108,8.459617855172686,8.540230666258052,8.601462806302559,8.634536503916761,8.738247013785038,8.771871308037298,8.851586140418867,8.942527206350428,8.939610123967082,8.960814549145347,9.067489854852338,8.981325286401395,9.128813177600858,9.142323959850476,9.22827660042088,9.225795491258607
1.6192582049790212,1.8360796539868598,2.351891022035263,3.219581025490882,3.6982823318492404,4.2590806697002614,4.744247683865765,5.053796836049953,5.603991946990958,5.692992053681042,6.218151054715355,6.4207356771536315,6.5321236137785466,6.897590596948912,7.230639728255042,7.259876736603147,7.489261144910783,7.571159178544136,7.746335446968329,7.772264680804839,7.865081251906111,8.104672193424516,8.222868607867705,8.244669478280723,8.289397814698352,8.412296449129867,8.467044573475777,8.549955206018295,8.62023574688783,8.7700914501919,8.739896216561544,8.77769680218051,8.812446773343952,8.932055012126629,8.993533569666438,8.94389531390396,9.032832013097746,9.036738678787597,9.069697834077441,9.16564849819163,9.19581985868101,9.22050223014906
